id,text
1,"Programming is like art, both require creativity and attention to detail."
2,"Code is poetry, elegantly written to solve complex problems."
3,"Debugging is like detective work, solving mysteries one line at a time."
4,"In programming, every mistake is an opportunity to learn and improve."
5,"Algorithms are the building blocks that shape the digital world."
6,"Coding is the language that bridges the gap between humans and computers."
7,"Software development is a collaborative process, bringing ideas to life."
8,"Version control is a developer's time machine, allowing for seamless revisions."
9,"The best programmers are those who constantly seek knowledge and growth."
10,"Programming empowers you to create solutions that change the world."
